INSERT INTO USERS(USERID, USERNAME, FIRSTNAME, LASTNAME, PASSWORD) VALUES(1, 'amopet@gmail.com', 'Amalia', 'Hawkins', 'amopet');

UPDATE USERS SET AFFILIATION = 'UPenn' WHERE USERID = 1;

INSERT INTO USERS(USERID, USERNAME, FIRSTNAME, LASTNAME, PASSWORD) VALUES(2, 'dtrupenn@gmail.com', 'Dan', 'Trujillo', 'dtrupenn');

UPDATE USERS SET AFFILIATION = 'UPenn' WHERE USERID = 2;

INSERT INTO USERS(USERID, USERNAME, FIRSTNAME, LASTNAME, PASSWORD) VALUES(3, 'andreas.haeberlen@gmail.com', 'Andreas', 'Haeberlen', 'andreas.haeberlen');

UPDATE USERS SET AFFILIATION = 'UPenn' WHERE USERID = 3;

INSERT INTO USERS(USERID, USERNAME, FIRSTNAME, LASTNAME, PASSWORD) VALUES(4, 'ahea@seas.upenn.edu', 'Andreas', 'Haeberlen', 'ahea');

UPDATE USERS SET AFFILIATION = 'UPenn' WHERE USERID = 4;

INSERT INTO USERS(USERID, USERNAME, FIRSTNAME, LASTNAME, PASSWORD) VALUES(5, 'bob@gmail.com', 'Bob', 'Bob', 'bob');

UPDATE USERS SET AFFILIATION = 'Hobo' WHERE USERID = 5;

INSERT INTO FRIENDOF(USERID, FID) VALUES(2, 5);

INSERT INTO FRIENDOF(USERID, FID) VALUES(2, 1);

INSERT INTO FRIENDOF(USERID, FID) VALUES(1, 2);

INSERT INTO FRIENDOF(USERID, FID) VALUES(1, 3);

INSERT INTO FRIENDOF(USERID, FID) VALUES(1, 4);

INSERT INTO FRIENDOF(USERID, FID) VALUES(5, 1);

INSERT INTO FRIENDOF(USERID, FID) VALUES(5, 4);

INSERT INTO FRIENDOF(USERID, FID) VALUES(4, 1);

INSERT INTO FRIENDOF(USERID, FID) VALUES(4, 2);

INSERT INTO FRIENDOF(USERID, FID) VALUES(4, 3);

INSERT INTO FRIENDOF(USERID, FID) VALUES(4, 5);

INSERT INTO FRIENDOF(USERID, FID) VALUES(3, 1);

INSERT INTO FRIENDOF(USERID, FID) VALUES(3, 2);

INSERT INTO INTEREST(IID, INTEREST) VALUES(1, 'Cloud Computing');

INSERT INTO INTEREST(IID, INTEREST) VALUES(2, 'SLEEPING');

INSERT INTO INTEREST(IID, INTEREST) VALUES(3, 'CODING');

INSERT INTO INTEREST(IID, INTEREST) VALUES(4, 'eating');

INSERT INTO INTEREST(IID, INTEREST) VALUES(5, 'batman');

INSERT INTO FANOF(USERID, IID, STRENGTH) VALUES(1, 1, .25);

INSERT INTO FANOF(USERID, IID, STRENGTH) VALUES(1, 2, .25);

INSERT INTO FANOF(USERID, IID, STRENGTH) VALUES(1, 3, .25);

INSERT INTO FANOF(USERID, IID, STRENGTH) VALUES(1, 4, .25);

INSERT INTO FANOF(USERID, IID, STRENGTH) VALUES(2, 1, .25);

INSERT INTO FANOF(USERID, IID, STRENGTH) VALUES(2, 2, .25);

INSERT INTO FANOF(USERID, IID, STRENGTH) VALUES(2, 3, .25);

INSERT INTO FANOF(USERID, IID, STRENGTH) VALUES(2, 5, .25);

INSERT INTO FANOF(USERID, IID, STRENGTH) VALUES(3, 1, .5);

INSERT INTO FANOF(USERID, IID, STRENGTH) VALUES(3, 3, .5);

INSERT INTO FANOF(USERID, IID, STRENGTH) VALUES(4, 1, 1);

INSERT INTO FANOF(USERID, IID, STRENGTH) VALUES(5, 5, .5);

INSERT INTO FANOF(USERID, IID, STRENGTH) VALUES(5, 2, .5);

